seg_id,time_to_failure
seg_00030f,3.25119406
seg_0012b5,4.588525236
seg_00184e,6.295145273
seg_003339,8.401038885
seg_0042cc,6.339545488
seg_004314,1.306721076
seg_004cd2,6.941956282
seg_004ee5,5.21778059
seg_004f1f,4.403788745
seg_00648a,2.173029155
seg_006e4a,2.839402378
seg_007a37,4.046429932
seg_00a37e,3.319615304
seg_00be11,2.713432848
seg_00c35b,7.819982767
seg_00cc91,3.349263728
seg_00e5f7,5.153974235
seg_00f3b9,3.339758962
seg_010eab,6.709039688
seg_0125d9,3.985432088
seg_0144cb,4.411503255
seg_0165c6,8.299468279
seg_016913,2.969025165
seg_016cdb,3.762693644
seg_017314,7.239875555
seg_01a8dc,4.37535429
seg_01c775,7.694064498
seg_01ecb0,2.989147455
seg_02042f,2.513977885
seg_025e78,3.595925093
seg_032822,3.236995995
seg_0339ca,4.845102549
seg_037461,3.259157926
seg_038879,7.036159515
seg_03d386,1.236398295
seg_03d63e,3.242122054
seg_03d680,7.975894451
seg_03f380,3.317565978
seg_0445d7,5.177889347
seg_046c28,2.379438043
seg_0488a1,7.507560492
seg_049957,9.121441126
seg_04a696,7.823966146
seg_04ae38,5.289462686
seg_04b87a,7.959663987
seg_04cceb,6.01540339
seg_04ee93,7.44590497
seg_04fd93,6.250234485
seg_0536c9,3.078311175
seg_055127,5.958559155
seg_05a1b0,4.049771667
seg_05a4ad,6.804368973
seg_05b66a,8.911667347
seg_05bef4,2.438674122
seg_05e0d7,4.479187608
seg_05f126,8.198178053
seg_05f9d6,6.158140421
seg_060ce4,2.626584828
seg_061a33,6.635495663
seg_0620e6,6.739970326
seg_063865,6.58031404
seg_065588,3.042958617
seg_06893f,2.668064058
seg_06b8c9,5.325169921
seg_06bbc5,3.698647618
seg_06d4a2,3.168371797
seg_06d7ba,3.023026586
seg_070bb0,2.039485872
seg_071067,2.563252717
seg_073696,8.452788711
seg_075340,3.467926502
seg_075f77,2.780040801
seg_0775a7,2.481170863
seg_077b7e,4.759744644
seg_079e34,3.370290637
seg_07c815,3.987658739
seg_07cd72,4.934098899
seg_07f37c,2.913025141
seg_07f8df,3.627646446
seg_07fc6d,8.044113636
seg_086a61,8.084542632
seg_0870ab,4.154588819
seg_0879a8,8.276708007
seg_08b136,7.79673326
seg_08f441,3.470110714
seg_08fd5b,3.519924283
seg_091c9d,8.692008972
seg_093a0a,7.587244034
seg_0968f1,7.081937671
seg_0981f3,2.22243312
seg_09dd59,6.920418024
seg_09ed4e,9.210157394
seg_09f0ff,4.313101709
seg_0a0fbb,9.133642435
seg_0a1bd0,4.694330752
seg_0a42ba,8.306291699
seg_0a45a1,2.495737016
seg_0a97c4,5.017885089
seg_0aa0fb,7.076097965
seg_0b07c7,5.433743715
seg_0b082e,8.023230553
seg_0b32f7,3.15832895
seg_0b3b94,5.690729856
seg_0b48c4,3.407097578
seg_0b4b24,3.186814785
seg_0b54ac,3.209021956
seg_0b76f5,8.888384342
seg_0b9ad8,7.774964213
seg_0b9ba3,8.622763872
seg_0ba210,9.186178446
seg_0ba585,4.076335371
seg_0bb5fd,4.277747929
seg_0bc877,2.618880898
seg_0be6ee,2.756903112
seg_0c12cc,7.510991693
seg_0c1d3a,3.059645176
seg_0c247b,6.043899536
seg_0c3943,2.80445087
seg_0c4e31,1.838213563
seg_0c74cf,1.939208448
seg_0c8502,8.488084316
seg_0c89ce,6.45200634
seg_0c9aa8,8.960685015
seg_0cb81b,3.000592411
seg_0cca14,3.464420468
seg_0cdcc8,2.487974823
seg_0cf651,2.463374496
seg_0d0250,2.911617815
seg_0d04b9,4.56051445
seg_0d13a7,3.291013241
seg_0d434c,8.324818254
seg_0d540e,2.665789545
seg_0d663a,8.034203172
seg_0d6d68,4.270592213
seg_0d762e,5.39693749
seg_0d833c,6.875483155
seg_0dae4b,3.751086354
seg_0dc38f,1.445310324
seg_0dcc40,5.867279768
seg_0df469,3.497019649
seg_0df75c,9.062306643
seg_0dfe8c,4.078194559
seg_0e1370,1.926230609
seg_0e1fbe,3.982916534
seg_0e3739,3.684321821
seg_0e3d44,2.761179566
seg_0e3ed2,2.009628713
seg_0e4833,9.066586971
seg_0e7cc5,6.775625706
seg_0e8b79,9.153672695
seg_0e9987,3.58822751
seg_0e9bb3,5.621788383
seg_0eb333,2.059784383
seg_0ebfd9,5.205946445
seg_0f565c,3.218702614
seg_0f74a3,5.591632485
seg_0f8961,8.169104576
seg_0fc67a,8.296832919
seg_0fca83,2.551810652
seg_0fd3ff,2.310912549
seg_1010ad,6.943213463
seg_103b32,3.391563058
seg_105cd9,3.027445823
seg_1084af,6.080526114
seg_10a595,5.017406583
seg_10c09d,8.38488245
seg_10f3a6,3.383837283
seg_112b81,5.021978736
seg_1144bc,8.960227966
seg_114b79,4.272727489
seg_115617,2.767499685
seg_115a92,3.001618356
seg_11647f,3.860438645
seg_117278,4.781091988
seg_117ff4,3.687304258
seg_11860f,5.19378376
seg_1201e8,3.829745293
seg_121446,7.763626814
seg_121cba,2.551268399
seg_122ba9,3.161192328
seg_123dd4,7.993861556
seg_12ac20,8.669941664
seg_12b9ba,7.196663499
seg_12ee6e,3.366380572
seg_130e17,3.133285761
seg_13468a,3.875455141
seg_136285,4.845327318
seg_136695,8.174373388
seg_137f8a,7.870711565
seg_138807,4.244999945
seg_13c2f0,4.347534299
seg_13e25f,6.087443113
seg_140bc5,3.170964003
seg_141f34,9.239463091
seg_146926,9.220014334
seg_148698,6.93589735
seg_14ad27,2.505518705
seg_14c054,8.399274468
seg_14c371,7.933256507
seg_14c435,3.286413431
seg_14c89d,5.372580409
seg_14c8ce,7.445046067
seg_14d1d3,6.292547345
seg_14f5f0,7.22712326
seg_151368,7.767342448
seg_151d92,2.725801677
seg_153d6a,9.065672636
seg_154361,7.79331398
seg_1562cb,8.659242034
seg_158691,3.840330601
seg_158764,6.78291297
seg_15adff,3.051546544
seg_15bf25,7.62937808
seg_15c9f9,2.413319826
seg_161aeb,7.725676417
seg_161f5f,2.823019266
seg_162fc4,6.372743011
seg_16566c,4.045441926
seg_166f70,8.849797964
seg_168d1c,7.163886309
seg_16a270,6.823141813
seg_16c3a7,3.659756064
seg_17067e,3.95067209
seg_170684,8.447245359
seg_170a0c,8.759977579
seg_176542,6.275579929
seg_17799c,7.257765293
seg_179d90,8.28335619
seg_17adc0,4.247853518
seg_17d1ff,3.941978753
seg_17e596,7.427095413
seg_180481,4.89138633
seg_18096a,5.934942842
seg_1815fe,8.018452883
seg_1827c5,9.142062902
seg_184222,4.498946011
seg_185ad6,7.97565484
seg_18d1d0,3.269130647
seg_18d307,1.514838487
seg_18f633,1.915094912
seg_18f853,4.835217774
seg_18fb65,1.665280461
seg_193404,9.146964312
seg_19515c,5.26945889
seg_195eda,5.050873876
seg_1969c8,7.997723222
seg_19b08e,3.36390543
seg_19b9dd,6.653417587
seg_19e1ff,5.789047122
seg_19ec5c,9.162495136
seg_1a0e94,8.975833416
seg_1a0eca,6.102132201
seg_1a671a,3.11020273
seg_1a791c,4.528600156
seg_1a8e06,3.034036934
seg_1a8f0d,3.224103153
seg_1a8f2c,7.851182342
seg_1abcaf,1.971586376
seg_1ac9e2,4.502003968
seg_1ae362,7.26004529
seg_1afa29,2.809547871
seg_1b08a4,5.13233912
seg_1b1ad8,4.922126591
seg_1b2298,7.565985322
seg_1b78af,4.220569789
seg_1baf33,3.725168467
seg_1bd38e,7.502980113
seg_1bf7b3,2.888162255
seg_1c401b,7.731985927
seg_1c4c5b,4.755447149
seg_1c4e72,4.447432101
seg_1c849d,5.917441487
seg_1c904f,3.312932372
seg_1c929e,4.304044783
seg_1cb942,8.496006846
seg_1cd352,5.499443531
seg_1cf1b5,3.422952712
seg_1d044c,4.135130346
seg_1d11e5,3.459885508
seg_1d596d,3.833963513
seg_1d980f,3.673004568
seg_1da819,2.939945698
seg_1db443,5.644176841
seg_1db8e8,8.721261382
seg_1dec9c,8.962149858
seg_1e0523,2.393584847
seg_1e0b82,7.767141223
seg_1e572b,7.723320961
seg_1e617a,3.39616403
seg_1e61d6,1.986971885
seg_1e677e,4.955897033
seg_1eae76,4.420131445
seg_1ebe6b,3.141979873
seg_1ece48,2.775251657
seg_1eeb8f,3.707270741
seg_1ef708,3.315585732
seg_1f1e60,8.39480567
seg_1f3d44,6.340655327
seg_1f3ede,3.278683364
seg_1f5240,2.9784922
seg_1f7cf8,3.253073454
seg_1f9aed,5.649863362
seg_1fa983,2.423211902
seg_1fc7ab,5.506905198
seg_1fe311,8.708288908
seg_2005a7,4.766665459
seg_2018c8,9.220816135
seg_204dc6,2.42234084
seg_208ba5,3.668275237
seg_2099f4,5.3191154
seg_20a990,3.691548526
seg_20b8d0,4.551369786
seg_20cbac,3.987773418
seg_20cc25,1.368830323
seg_20d9de,8.737923861
seg_20e9ad,3.959595978
seg_210388,5.031967282
seg_211299,6.481866837
seg_211486,8.693975925
seg_214492,2.890570998
seg_217eed,3.32380867
seg_218049,2.710951626
seg_21eebb,3.800715864
seg_21faa9,9.156826258
seg_222c5f,3.124718308
seg_225320,8.972350597
seg_226e60,8.057365417
seg_229eda,6.187306643
seg_22e509,3.856443882
seg_2313d1,4.157356024
seg_232559,8.194462895
seg_23323e,2.634038419
seg_2367fb,7.092142463
seg_238242,7.116717458
seg_2383c2,6.833356023
seg_2396a2,2.184617072
seg_23b123,9.127655745
seg_23bdf9,6.607244253
seg_23c947,1.074264243
seg_23efb0,5.390453577
seg_23f823,3.516743243
seg_23fe27,8.200130463
seg_241266,3.410278618
seg_24157a,5.549150229
seg_24458d,3.774887681
seg_2465ce,5.857838988
seg_247262,5.081702888
seg_24ba8d,3.567611217
seg_24c078,6.312355995
seg_24c1c9,3.704971015
seg_24e071,3.266633749
seg_24f338,1.943886489
seg_257b8a,6.130033851
seg_2597af,3.875031769
seg_259c63,4.21297127
seg_259d65,2.776408225
seg_259dd3,8.845582485
seg_25aa9f,8.947680712
seg_25ab3f,3.586375177
seg_25b38a,7.713821173
seg_25c8dc,6.851232767
seg_25cca7,7.900672674
seg_25e76d,2.786383271
seg_26049e,8.405562401
seg_263deb,3.351944625
seg_263fb3,1.426120207
seg_2642d0,4.621243596
seg_2642d4,5.220175505
seg_264c7d,8.05971384
seg_266805,3.59528935
seg_266c6e,4.481250048
seg_266d4e,5.265925407
seg_268249,6.155426502
seg_268625,2.800810635
seg_268956,3.734630883
seg_26a2a0,0.71071592
seg_26cba3,3.747527182
seg_26edaa,7.911682606
seg_2700bd,3.451271832
seg_272a47,0.990639299
seg_274a1a,5.394530654
seg_2774c4,8.254167557
seg_279725,9.235569715
seg_27a282,4.516251802
seg_27b7c8,7.224651337
seg_27db4d,7.809185624
seg_27de37,6.241342902
seg_27f532,8.617983341
seg_27ff17,4.361470819
seg_280863,2.504044592
seg_280e3b,2.974005401
seg_284223,5.315569401
seg_284923,9.215077639
seg_287e60,2.911566615
seg_287fef,3.144429862
seg_288001,4.42222327
seg_2883ec,7.676052213
seg_289d99,1.968844831
seg_28fc32,6.403714895
seg_29022f,3.969489098
seg_2916e3,8.591486216
seg_293dbf,3.601002038
seg_293dc2,2.448015779
seg_29475f,3.091093063
seg_295b1c,8.144630909
seg_2977cd,4.122777998
seg_29a073,4.562639594
seg_29acb7,4.565383077
seg_29c772,5.448020458
seg_29c906,3.980459452
seg_29d497,5.847387433
seg_29d4c6,8.908859015
seg_29e799,5.960795403
seg_2a0ace,8.882399082
seg_2a0afc,4.642951965
seg_2a0dc0,8.15587616
seg_2a2f1e,5.321960926
seg_2a4551,6.590067625
seg_2a6343,7.249010086
seg_2a8351,2.851421833
seg_2aa101,2.381852478
seg_2abd33,3.526414454
seg_2b2cb3,6.564023614
seg_2b372b,3.668868363
seg_2b4959,4.743533432
seg_2b6d52,8.696175575
seg_2ba79a,2.111808777
seg_2bcbde,8.933864594
seg_2be983,9.154536724
seg_2bf5be,8.375624657
seg_2bf9dd,8.093059182
seg_2c3203,2.382943302
seg_2c5e9f,6.08950603
seg_2c6011,3.189744651
seg_2c69e4,8.185373545
seg_2c762c,5.947912931
seg_2cac57,8.749417424
seg_2cadc0,6.708313107
seg_2cdbe3,2.528696328
seg_2d3828,5.205632806
seg_2d402d,1.919979393
seg_2d427f,2.28493908
seg_2d5544,4.229068518
seg_2d7cc4,3.632405281
seg_2d92f0,8.913428783
seg_2db7dc,4.286554337
seg_2dc6ff,1.147462741
seg_2dccec,4.211135268
seg_2dcd3a,3.836392581
seg_2dcd84,8.10733211
seg_2dfb91,3.166541338
seg_2e2372,7.242429972
seg_2e50fb,3.900050104
seg_2e64af,4.1622172
seg_2e71dd,2.869550169
seg_2e88dd,6.699156046
seg_2e917f,4.845061779
seg_2e9a47,6.302142382
seg_2ea616,3.620264709
seg_2eccb9,2.198667377
seg_2ece02,3.482105404
seg_2ed79b,3.861786008
seg_2eddf6,7.986852288
seg_2ee95c,9.007602453
seg_2efd5c,8.422121763
seg_2f1664,7.220847249
seg_2f4f14,4.153222382
seg_2f5695,3.204833508
seg_2f60db,8.585456133
seg_2f86cd,0.759983473
seg_2f8e19,6.569517732
seg_2f8f6d,8.704565287
seg_2f9336,5.611284971
seg_2f9581,3.888354957
seg_2fb672,8.234120727
seg_2fe382,4.834773481
seg_301c1e,6.682906389
seg_30207d,8.629578471
seg_304581,3.964923143
seg_304b87,4.408302665
seg_304df5,8.559080958
seg_30501b,8.156205297
seg_3065ba,4.639010489
seg_30661b,3.252232552
seg_306756,8.305341244
seg_30ad2a,2.219632894
seg_30b043,3.776711345
seg_30da11,3.051499307
seg_30fd84,8.879585505
seg_310230,3.840250731
seg_31064b,2.163278311
seg_311499,2.885303557
seg_311b5e,2.574890792
seg_3128e6,3.652538836
seg_3151ff,4.731845737
seg_31631c,5.751894593
seg_316f86,4.155721307
seg_318135,1.479235739
seg_31a51f,2.846849978
seg_31a6cd,3.230289876
seg_31b808,6.184514761
seg_31c0f4,9.122824907
seg_31d763,4.583475232
seg_31d7bf,2.189446777
seg_31d810,6.971780896
seg_31ddc5,7.971962452
seg_3234ca,2.787840664
seg_324447,6.242190123
seg_324537,4.678376079
seg_325790,4.572543561
seg_326eb7,4.6772753
seg_327ed4,2.647664487
seg_32906d,1.918510616
seg_32ad0f,8.936964989
seg_32c904,8.767904043
seg_32d747,4.117578089
seg_32e763,2.637074471
seg_32f3a9,5.220454335
seg_32f6df,4.404267311
seg_32f72d,4.794021845
seg_32fc4e,9.106771231
seg_330579,3.505003512
seg_3319b5,8.091187119
seg_331f2b,8.545567751
seg_3340b9,5.108543694
seg_335170,2.137735337
seg_337b8c,3.718880415
seg_339f80,5.642521858
seg_33c30d,3.598174989
seg_342ce6,8.099171758
seg_343571,7.472517729
seg_3452b2,3.862680376
seg_34a2b8,4.332484126
seg_34a8f7,9.025985718
seg_34abd2,2.334021121
seg_34ef79,4.099899709
seg_3506d6,4.283401072
seg_35269b,8.647811413
seg_355717,2.658787966
seg_355d19,8.328173757
seg_35a2d7,8.886472702
seg_35b009,3.929577231
seg_35b753,3.928923547
seg_35ba8f,8.677988768
seg_35c587,3.86356169
seg_35dd45,8.453720689
seg_35ee83,4.229044139
seg_36147d,3.060322315
seg_361f5a,8.992101431
seg_3631ec,3.745658457
seg_3661de,9.079502821
seg_369570,4.207059205
seg_36b77f,8.651728153
seg_36e32d,8.638474464
seg_3706be,7.488831162
seg_373a04,5.956719398
seg_373ba6,3.646203399
seg_37608b,4.763624787
seg_3761d0,2.704097033
seg_37669c,2.863496125
seg_376908,2.161658168
seg_377134,4.248417616
seg_3788c5,8.539908409
seg_37bf85,2.098368019
seg_37f3fb,3.268467933
seg_38001b,2.13256523
seg_383b6b,4.151433408
seg_383f2e,7.062751889
seg_3865bc,2.950539112
seg_3878d0,2.969066322
seg_389906,6.702850938
seg_38ad16,9.148593903
seg_38ee24,5.9470191
seg_392019,6.163713336
seg_39300d,3.443666697
seg_395e0e,8.399466634
seg_397983,5.759886503
seg_397dc9,7.871591806
seg_398a25,4.993673801
seg_39a886,5.482641578
seg_39ad50,0.825540118
seg_3a1600,3.92396003
seg_3a22ac,3.911858082
seg_3a80c5,5.740630627
seg_3a8a76,1.918256938
seg_3aca44,1.908529863
seg_3adb1a,3.413081944
seg_3ae4d9,2.979428649
seg_3af649,4.807901263
seg_3b2013,2.661802679
seg_3b30fd,8.001819491
seg_3b4414,3.176702023
seg_3b7175,4.205952466
seg_3b7724,9.082677126
seg_3b95d2,9.063279629
seg_3b95dc,3.719767779
seg_3ba485,9.27462101
seg_3bb90a,3.836454749
seg_3bc9ed,6.361209512
seg_3bd97e,8.516855717
seg_3bf9ac,2.397203952
seg_3bfcf6,4.343564808
seg_3c3ddf,3.047001541
seg_3c4106,4.224406421
seg_3c64fb,6.57106185
seg_3c8545,2.680570185
seg_3cba49,5.77913487
seg_3cbccf,3.78424719
seg_3ce740,8.255355
seg_3cfb73,8.626491308
seg_3d059a,2.814029694
seg_3d06cc,4.903377295
seg_3d19fc,3.265916824
seg_3d1cb3,5.325487137
seg_3d1f2e,5.080983996
seg_3d581c,1.478562921
seg_3d6aac,7.007632256
seg_3d6e79,6.248803139
seg_3d9aa0,4.980560184
seg_3db0a8,2.832160115
seg_3e00cd,8.712108374
seg_3e55d5,3.41821292
seg_3e87b4,2.193657964
seg_3ec967,3.722590983
seg_3edf51,3.356269449
seg_3f2086,8.866481066
seg_3f3689,3.807036817
seg_3f3983,5.596415997
seg_3f5be6,3.742462218
seg_3f80ef,5.054108143
seg_3f99c8,1.876714289
seg_3fb24b,4.462570786
seg_3fc7ca,8.514657855
seg_3fdae0,6.247451663
seg_407b2b,6.156206965
seg_40b3aa,1.095808521
seg_40f810,4.03644532
seg_411225,3.602612495
seg_414d0f,5.718002081
seg_4185b3,5.628261387
seg_419531,7.163919568
seg_419b2a,8.297870874
seg_41a267,8.942481518
seg_41aadc,5.239246845
seg_41ab7e,7.643446445
seg_41be18,8.161113739
seg_41be7d,5.841392875
seg_41f45e,7.368416667
seg_420bcc,4.743007779
seg_420d4e,7.662320018
seg_421a96,5.141177416
seg_421da1,7.761269093
seg_423ebe,4.41678977
seg_425462,3.895561874
seg_42648c,3.83882314
seg_4280d9,9.068276882
seg_428d66,2.882035077
seg_42c4c9,4.249763429
seg_42e7e8,4.543475866
seg_42ff14,7.563545465
seg_430e66,6.584398508
seg_43383f,3.378725529
seg_434c96,2.379027605
seg_43597f,3.871186018
seg_43c6f4,8.068460941
seg_440106,8.868077517
seg_4401d8,6.315839529
seg_441c6d,8.374547124
seg_4435bd,3.709380209
seg_447972,3.238558888
seg_447b8b,8.82626605
seg_447cb3,9.027611971
seg_44d3ca,2.874139786
seg_455b16,3.315971494
seg_456149,8.69408226
seg_457234,8.676171541
seg_45838b,5.519577622
seg_4587bb,7.089452505
seg_45a8a9,3.143273652
seg_45b051,1.897851586
seg_45e062,8.990618706
seg_45e4ed,3.46328631
seg_45e7ad,2.665049076
seg_46012e,8.149151802
seg_460436,8.338067055
seg_461ab5,3.315001011
seg_461b63,3.972012877
seg_462c1d,5.614000082
seg_464839,4.33936578
seg_468bc9,9.120685101
seg_468fdb,4.379287839
seg_46a42b,3.077009082
seg_46b84d,6.640817642
seg_46c6d3,8.157677531
seg_46dd7c,4.114906371
seg_4729a7,3.420400798
seg_4743ab,8.276973963
seg_4743fa,9.210207462
seg_476700,3.705092072
seg_476bdb,2.364292234
seg_477c83,4.696077347
seg_478327,6.175157785
seg_47a48f,8.166160583
seg_47d374,3.633987546
seg_47fed6,6.851596594
seg_482745,4.886662066
seg_4848e3,4.14711237
seg_484901,3.408824384
seg_486973,4.875751317
seg_48a4b3,7.688067555
seg_48a80c,2.693924248
seg_48b545,7.495569825
seg_48feba,3.337213814
seg_490092,8.234515429
seg_490d6e,5.101256013
seg_492dc6,4.204307377
seg_49322d,6.113738894
seg_49336f,3.449568897
seg_495573,9.185659647
seg_496d07,3.296619952
seg_496dad,2.393942684
seg_49b0cb,8.886133432
seg_49d84b,5.707048774
seg_49fdf0,8.413826227
seg_4a2525,8.495813012
seg_4a6096,1.81957525
seg_4a719c,3.96899873
seg_4a91a9,3.337426722
seg_4a9e6b,6.993657947
seg_4a9e8d,7.920228004
seg_4ab7bf,9.022415876
seg_4abc29,2.148762554
seg_4acc4b,2.992482126
seg_4ad5a2,6.218749404
seg_4ad674,3.752496183
seg_4adeda,8.769265413
seg_4ae37c,7.145420313
seg_4ae712,8.846532345
seg_4b0839,1.73731181
seg_4b4c91,7.949676394
seg_4b4ffb,3.667091131
seg_4b8044,4.798250079
seg_4b953a,2.004170567
seg_4ba3d1,7.54430294
seg_4c067a,5.043794155
seg_4c12b2,3.51851657
seg_4c18e2,2.310871243
seg_4c3a2b,7.492915511
seg_4c4995,5.102747202
seg_4c65e6,8.350963235
seg_4c8db6,8.651466131
seg_4ca6de,6.039005041
seg_4cb0d7,4.37031424
seg_4cb9c6,3.43586117
seg_4ce234,5.828095555
seg_4d0008,3.88424027
seg_4d0041,7.628379703
seg_4d0c45,6.784798622
seg_4d18f4,2.61012733
seg_4d2671,5.97860086
seg_4d53c2,9.0407691
seg_4d5a4a,2.521348476
seg_4d7c56,3.76046896
seg_4d8f0f,3.97950238
seg_4db886,8.50640893
seg_4db997,2.465716809
seg_4dbbd1,7.768278956
seg_4ddddc,6.909458518
seg_4dfa03,2.374925077
seg_4e0c4a,9.112002134
seg_4e2c66,2.615446299
seg_4e3bd7,3.133850962
seg_4e627b,4.269796252
seg_4e9646,7.541306496
seg_4ea3fa,5.516017437
seg_4ea81c,3.408275187
seg_4eb127,3.067492902
seg_4eeaef,3.0503712
seg_4eef28,8.014196157
seg_4f48b4,1.455494672
seg_4f5931,8.82562995
seg_4f76a2,3.602819175
seg_4f83a3,8.275668621
seg_4fa87d,8.845482826
seg_4fce5b,3.235488296
seg_4fd191,2.945857644
seg_500108,4.631909132
seg_5009d9,2.789644301
seg_500c80,6.828025818
seg_502fab,8.218674779
seg_507065,3.959926367
seg_5090fa,6.491112828
seg_509d55,3.910624504
seg_50a667,2.834815443
seg_50b048,5.271409273
seg_50e270,6.959862232
seg_511d25,7.81059444
seg_512b3e,8.551116228
seg_514543,3.649549842
seg_5147e1,4.152360976
seg_514b85,8.864893436
seg_5165a4,6.701890469
seg_517345,5.221306086
seg_517425,1.998046443
seg_51865e,3.405027092
seg_518b1e,1.864866033
seg_51b68c,8.875279903
seg_51f0a2,3.549778044
seg_51f6fd,6.743352413
seg_521a88,8.027728677
seg_523945,2.30292815
seg_524b39,5.024255872
seg_5254ce,8.528238535
seg_5255c0,7.884911656
seg_52636c,2.900144696
seg_529be4,4.296166658
seg_529c99,3.046988308
seg_52c139,9.188235998
seg_530a02,8.480812073
seg_53103b,2.434099883
seg_5311d1,1.537923083
seg_533613,8.60619545
seg_53498a,4.509878039
seg_53a557,3.884767115
seg_53a5fd,5.543513536
seg_53bdf5,8.043236256
seg_53caf1,7.613493443
seg_53d818,3.340806574
seg_53e645,4.895210445
seg_53fa13,3.415180027
seg_5407b0,2.710169584
seg_5445bc,2.99612084
seg_54490e,7.80751884
seg_545fda,8.063743711
seg_5467c8,7.810738444
seg_546864,8.630905628
seg_5470ca,3.970518053
seg_5495ca,2.174592882
seg_54af0d,2.846315414
seg_54b0ee,6.875312567
seg_54d0f3,2.479177803
seg_55239a,3.009040058
seg_552b8e,8.875973463
seg_5559d9,1.877627373
seg_555f63,2.082470953
seg_5597ed,3.829595566
seg_55a0c3,4.345630765
seg_55a9a4,6.733341098
seg_55b566,2.058086544
seg_55d50b,2.548211217
seg_561cf4,2.005496055
seg_563059,7.371935844
seg_5639b3,5.503114939
seg_566efe,9.114271402
seg_56e3e7,8.973134279
seg_56e6f1,5.075280905
seg_56ebc7,3.733244002
seg_570a20,4.041162491
seg_570d69,8.718964577
seg_572172,5.83296597
seg_5759c9,6.606335998
seg_5765b6,6.914408207
seg_578e84,8.847965956
seg_57908c,3.391067326
seg_57b6c0,4.814287126
seg_57dd68,8.87135911
seg_57ea44,2.672889054
seg_580b65,6.331554294
seg_581fac,2.285301
seg_585872,8.061220884
seg_586726,2.698461473
seg_586c0f,4.341032773
seg_5887a8,7.830116391
seg_588f61,2.407379746
seg_58d52d,8.720116854
seg_58e74b,2.374538779
seg_58e9f9,8.610949755
seg_58ea74,8.722075224
seg_59058a,2.405009776
seg_590fa5,5.901356101
seg_591954,8.395940661
seg_5924f5,3.869098127
seg_592807,6.880662799
seg_593c34,3.751882374
seg_5965d8,3.377473235
seg_596ae3,6.411695004
seg_5975f4,3.056696117
seg_597bd6,7.051255226
seg_59818b,6.720232248
seg_59cd7d,2.183794439
seg_59cfdb,9.018647909
seg_59d484,5.248622179
seg_59de0b,1.56783016
seg_59e1db,6.38231194
seg_59eb97,4.71874547
seg_5a0479,5.676817656
seg_5a1adb,4.458665729
seg_5a242e,6.405202985
seg_5a67b5,7.801574349
seg_5a947e,4.134831071
seg_5abfdd,4.511470735
seg_5ad847,3.561278999
seg_5b392b,1.755279213
seg_5b7325,3.35267967
seg_5b8c39,3.705490053
seg_5bc0b0,7.857132435
seg_5bd9ae,3.809071958
seg_5bdb47,3.313491106
seg_5bfbf0,3.466192305
seg_5c0929,3.143902183
seg_5c1a4d,3.413762927
seg_5c530f,4.178772569
seg_5c57a8,2.244307458
seg_5c8ae5,4.703218341
seg_5c9077,7.385664105
seg_5cd98b,3.351481199
seg_5cde88,1.943607628
seg_5cfba9,8.089783072
seg_5cfdc4,3.896798849
seg_5d333e,8.609832764
seg_5d45db,5.908541918
seg_5d92af,6.404186964
seg_5d94b2,2.808956325
seg_5e020f,4.870020151
seg_5e0902,3.0187549
seg_5e1bba,5.615652084
seg_5e541f,2.469866186
seg_5e635a,2.636479408
seg_5e668a,8.702010632
seg_5e70a7,8.142454267
seg_5e7abf,4.414132237
seg_5e8ef4,7.007911921
seg_5eb380,3.038269997
seg_5ec0e3,7.935323596
seg_5ed47e,8.884790182
seg_5ef47e,4.934848607
seg_5f0a92,4.673697591
seg_5f24d3,7.86924541
seg_5f352e,2.506428957
seg_5f355e,7.306707859
seg_5f46a5,7.94812274
seg_5f7fd9,4.522025526
seg_5fe414,3.145211279
seg_60277f,3.606191874
seg_6074f9,4.243086517
seg_607559,7.072105169
seg_60ab20,8.220471263
seg_60b696,5.730503798
seg_60dacd,8.400379419
seg_60df2a,5.738131046
seg_610379,4.407404542
seg_61219c,4.094639242
seg_613702,4.02150929
seg_614b50,1.615922481
seg_6153ca,8.761048555
seg_6167f0,5.026404142
seg_616c8b,8.789708614
seg_61b50d,2.638383597
seg_61f504,3.196266711
seg_620ee4,4.913870692
seg_622e9d,2.455251455
seg_62331a,4.434488714
seg_6262c4,7.07126379
seg_629822,3.898368835
seg_62a403,8.982075453
seg_62c582,3.056461155
seg_63130f,9.227410793
seg_633651,5.419691682
seg_634180,3.153923154
seg_634f05,2.426639646
seg_635770,7.778321743
seg_63582a,9.184903145
seg_63c13d,4.292366326
seg_63c518,2.615187436
seg_63c8e4,9.02204442
seg_63c983,2.721315414
seg_63c9a3,5.078677118
seg_63d651,4.449460685
seg_6422d1,5.315859854
seg_643d1f,4.619104683
seg_643f86,8.530791998
seg_64bcb9,8.62849009
seg_64be5d,8.700538397
seg_64be91,8.442403078
seg_64daae,1.88549605
seg_64dcf0,5.220789313
seg_64f8dc,4.985591173
seg_650de2,3.639754802
seg_651808,2.842936218
seg_652cc2,3.759623051
seg_655780,3.399058104
seg_655ad6,7.168586493
seg_655cae,2.541836113
seg_658bf4,1.993709177
seg_659ff8,3.641428649
seg_65b962,3.422457695
seg_65c4e1,7.034804821
seg_65ef95,3.412373066
seg_65f01e,9.073288918
seg_65fbac,8.114519835
seg_660fe1,3.281176269
seg_660fef,5.424432158
seg_661629,3.768839478
seg_666056,3.103166908
seg_6681ee,1.54439947
seg_66820a,2.74369818
seg_6696d0,3.43187049
seg_66b7c3,7.207045913
seg_66e45a,5.275153995
seg_66ed4d,2.717580259
seg_670bde,2.672504514
seg_67330f,5.893500328
seg_673c60,2.771560431
seg_67599b,5.603461742
seg_679dd2,7.554282546
seg_67aa76,4.578965664
seg_68102c,8.901572227
seg_683ddf,3.691139579
seg_686edc,6.047248006
seg_687a5c,2.409291744
seg_68a484,8.660746336
seg_68da94,2.956258297
seg_691a72,6.230539441
seg_692e7a,8.322098494
seg_6951e0,3.507035196
seg_695380,2.303711951
seg_696621,4.618592918
seg_6968c8,4.431436479
seg_69787a,7.713984489
seg_69a230,4.035788357
seg_69a53e,5.313968062
seg_69dbad,6.095207691
seg_6a05e7,3.764949858
seg_6a116b,5.265456378
seg_6a26de,1.960148752
seg_6a45a0,3.575960994
seg_6a4ad1,8.444110513
seg_6ab188,6.290333986
seg_6ac67a,3.303821176
seg_6ac82a,3.821348727
seg_6ae32d,3.74697727
seg_6b0107,5.288286448
seg_6b2ce0,6.231566906
seg_6b3a9d,4.131634474
seg_6b4e04,8.944440126
seg_6b536d,4.34028548
seg_6b9511,6.58715713
seg_6b9d02,4.440886736
seg_6be48e,3.369095325
seg_6c292b,4.376738667
seg_6c309f,4.131616116
seg_6c34c2,3.20328033
seg_6c8a45,4.748950481
seg_6c909f,3.133409113
seg_6cfb76,4.194862008
seg_6d01a3,7.716606975
seg_6d35cd,1.843530029
seg_6d36a1,8.847138405
seg_6d4109,7.081595659
seg_6d4fa6,3.879354835
seg_6d6fad,3.383883834
seg_6da1ff,4.64515233
seg_6dac5d,8.935714006
seg_6dd0fc,3.78720355
seg_6de4fd,8.490831375
seg_6de935,9.189151049
seg_6df48e,8.23196137
seg_6dfab7,3.805767
seg_6e12ae,5.846341014
seg_6e12ee,2.105795085
seg_6e1ee7,8.00037694
seg_6e572a,3.517933249
seg_6e5a38,1.955910355
seg_6e7f73,8.926430702
seg_6e98aa,3.469637573
seg_6eb146,8.420778632
seg_6ed49a,8.024987221
seg_6edcb8,5.5141294
seg_6eedcc,7.814367771
seg_6f17de,2.614640057
seg_6f2222,3.590104461
seg_6f3d90,5.438953042
seg_6f60b2,2.951776385
seg_6f650f,8.846870899
seg_6f9a98,6.233304501
seg_6fb17f,5.092306376
seg_6fc3ef,8.475666046
seg_6fc8b3,6.954818964
seg_6fd5bb,8.072886229
seg_7012af,9.116928339
seg_7020c5,7.47233963
seg_702e03,3.385609508
seg_703cea,6.987291098
seg_705463,2.218336731
seg_708349,8.707859516
seg_70991d,4.671395779
seg_709b6a,8.638092279
seg_709d08,4.393916607
seg_70a60e,4.879110634
seg_70b375,6.900826097
seg_70be4d,8.074392557
seg_70e891,4.317404449
seg_70edf5,6.975094795
seg_70fb30,9.061799049
seg_7120ac,4.982450962
seg_71238c,8.515842199
seg_71348a,1.538564861
seg_715e2c,6.913035274
seg_715ff6,8.345310926
seg_7189ca,7.199850678
seg_718b53,3.084193319
seg_71936f,3.814212441
seg_71b4e0,3.459717751
seg_71b975,3.626260757
seg_71c9e9,3.256058156
seg_71f571,3.699302077
seg_7211f1,6.605544448
seg_724df9,0.71042259
seg_725772,7.583511829
seg_725e84,2.855161309
seg_727fc7,3.508527577
seg_72858d,3.454128742
seg_72859b,3.795633495
seg_72aba8,5.211665511
seg_72b68c,8.876137733
seg_72c307,6.688249588
seg_72ebda,6.229524374
seg_72f40a,7.079424381
seg_730ebe,4.156641901
seg_734a88,8.433384299
seg_73565e,3.711512327
seg_735cdd,3.015114486
seg_73858d,9.144701481
seg_738be6,2.181940317
seg_739643,6.185880065
seg_739679,2.397512853
seg_739856,8.662634611
seg_739fb0,3.801735818
seg_73ab4a,3.142474294
seg_73b0f7,6.672529817
seg_740837,2.609989345
seg_741fc1,7.945135951
seg_74235f,4.422227859
seg_7428e7,6.656858563
seg_743775,7.066559076
seg_74537f,5.9330163
seg_746d1d,5.216782451
seg_7480f4,7.153689981
seg_74b264,3.834529757
seg_74b3bd,5.801337481
seg_74ce61,8.052170157
seg_74d58a,8.485205173
seg_74d8cc,4.338502407
seg_74dda9,6.946767211
seg_74f330,2.974037558
seg_74fcfc,8.871572971
seg_74ffde,5.447539806
seg_750244,5.765529633
seg_750c93,2.984015524
seg_750d20,5.467806578
seg_750e7e,7.601966381
seg_75211e,5.873775363
seg_753190,7.84873116
seg_753ba6,1.451317415
seg_7540f3,5.433946371
seg_75438e,4.860152841
seg_755d50,3.477840722
seg_75654d,4.186799049
seg_758374,1.427405909
seg_758ca4,2.658194751
seg_759fb1,4.929213762
seg_75a878,4.17490983
seg_75c34b,3.312172174
seg_75cd6a,4.03913182
seg_75dc3e,3.764510691
seg_75e669,1.567236453
seg_75e93c,3.596477449
seg_75eb90,7.47795558
seg_75ffc9,4.882067204
seg_760d70,4.139817357
seg_76106f,9.127031326
seg_762188,8.611794353
seg_762be4,3.721343994
seg_7630c5,8.76881659
seg_766e42,3.515678346
seg_76b76f,8.812416792
seg_76c2fa,2.961992204
seg_76d16c,5.144868612
seg_76e914,3.685916007
seg_76f1af,2.489250064
seg_76f3f2,8.173604369
seg_76f76d,4.989958405
seg_774ad2,3.973669469
seg_77bf79,2.576704293
seg_77c546,1.356434226
seg_77db7b,8.206086159
seg_77dbe7,4.511346221
seg_77df38,7.291866422
seg_77e7bf,3.85528183
seg_77ea14,4.026590347
seg_77f9e3,1.907765776
seg_77fe77,5.299565077
seg_7848f8,1.266241238
seg_7862ed,3.880527854
seg_786ff6,5.954899192
seg_78852d,4.71276623
seg_78addc,8.200029016
seg_78d817,4.189605236
seg_78db0a,8.583880424
seg_78ded2,1.645423234
seg_78fc4b,6.868549109
seg_790108,6.800011039
seg_7949da,1.718022153
seg_79c47a,2.777900875
seg_79dc90,6.952372193
seg_79e301,3.354945689
seg_7a09ec,5.185431004
seg_7a521c,3.721266568
seg_7a5243,2.971343875
seg_7a9228,3.256006062
seg_7a9f2b,1.370981321
seg_7aeca4,7.131488681
seg_7b0936,8.980125904
seg_7b2994,3.744999945
seg_7b3017,8.813397884
seg_7b5f90,6.59560287
seg_7bb771,2.711710811
seg_7bec10,8.928218842
seg_7bf143,2.241088569
seg_7c0376,1.949566603
seg_7c10c1,2.802710652
seg_7c2beb,7.758775592
seg_7c2c48,2.249602318
seg_7c6c31,8.011590719
seg_7c88d1,2.712112427
seg_7c9433,4.861828744
seg_7cb417,3.318325579
seg_7cbb45,4.071394801
seg_7cd6b1,3.624392688
seg_7cdfe5,2.63801685
seg_7ce9cb,3.68911761
seg_7cef95,7.452247143
seg_7d17eb,8.706009865
seg_7d2535,2.976766944
seg_7d2e57,6.275620222
seg_7d65c7,8.308477163
seg_7d718e,9.070233583
seg_7d88e3,8.275461793
seg_7d994f,2.728760213
seg_7ddc30,8.927934408
seg_7df3dd,5.589696169
seg_7e3b3e,3.258001387
seg_7e9eb7,9.128452539
seg_7eb108,8.982614517
seg_7ebdc3,4.192469776
seg_7ed2dd,3.639716804
seg_7ef97b,3.201581895
seg_7efdd5,6.886406422
seg_7f3ab0,4.455257654
seg_7f5b6f,8.837005377
seg_7f786b,4.267570257
seg_7f93b2,2.915436745
seg_7f9b3a,5.471676469
seg_7fa6ec,0.943782635
seg_7fac26,8.952721119
seg_7fd3a3,3.959132075
seg_7fd6b7,7.8251127
seg_80211c,8.649579763
seg_804fb5,6.218340397
seg_80622d,7.641533613
seg_807901,3.546906173
seg_80b9b4,6.836044192
seg_80fb86,5.878142238
seg_812962,4.21198225
seg_812a50,5.505695105
seg_813aab,2.38250643
seg_814b1f,1.328429058
seg_816b7a,2.562666714
seg_818382,4.540267885
seg_81a8ea,8.617478132
seg_81bebd,8.191548824
seg_81c1a6,8.652717471
seg_81c432,3.52170068
seg_81f798,2.933747441
seg_8200d2,2.973273695
seg_82303e,3.551369667
seg_82316b,4.179739952
seg_8244bf,4.092813253
seg_82456a,2.393287122
seg_826208,4.565217197
seg_827804,3.448095262
seg_827a21,3.423432171
seg_827c07,4.07175386
seg_82c138,6.24368
seg_82ce27,2.900215507
seg_82d7b6,4.155756831
seg_830cff,4.427617013
seg_8310ea,7.245312691
seg_8324a4,7.447349191
seg_8328f5,4.938881755
seg_832a4d,3.612348258
seg_8344ee,3.868432343
seg_8353f5,8.88504529
seg_836aac,2.92937392
seg_836ef0,2.149107724
seg_83bef8,4.837316275
seg_83cb2c,3.024253845
seg_83dc2e,8.796569347
seg_83ef67,8.04963851
seg_83f476,3.649664462
seg_83f89e,7.641462445
seg_83f928,8.916880131
seg_8456d3,3.210030198
seg_845a2a,8.725442886
seg_8472f3,8.774372578
seg_848695,2.74731493
seg_84a65d,8.85863924
seg_84b9d9,4.407428801
seg_84c7fb,4.080870807
seg_84fc12,8.736499071
seg_8509db,6.026231647
seg_850d95,3.359849751
seg_8515fd,4.057604313
seg_853302,8.044470429
seg_854d91,8.745750189
seg_857304,3.559061348
seg_85762d,5.929712653
seg_8599ec,2.96766153
seg_85c1c0,3.690557718
seg_85e90e,7.599332333
seg_85e9c6,7.364386916
seg_85fb0a,2.109839439
seg_864fcf,3.368121803
seg_8658b3,7.319217682
seg_86720f,7.185964227
seg_8681aa,8.017767549
seg_86892f,3.128348589
seg_868c85,6.483218908
seg_86cfe9,7.871255755
seg_86d847,8.966166496
seg_86e874,1.511196703
seg_87232d,4.492421925
seg_876904,6.683427691
seg_8773cf,2.712333739
seg_8777bd,9.085541964
seg_8785e2,4.788633227
seg_878d2c,8.865228891
seg_87a616,2.409311563
seg_87a67a,4.051523268
seg_87e4e8,2.324212193
seg_87f6c8,7.369733691
seg_8826f4,2.444114745
seg_885f53,7.043860435
seg_8866f0,1.614843756
seg_88a81d,3.956345201
seg_88b289,8.90231061
seg_890181,6.512063742
seg_89791c,3.172853231
seg_89885a,3.852614999
seg_899bf0,4.270250559
seg_89b090,1.533295125
seg_89d8a0,3.870870948
seg_89e207,5.219027758
seg_89eed6,2.44250527
seg_89f975,2.291403651
seg_8a3306,3.834391177
seg_8a41bf,2.83258599
seg_8a6b0e,2.496552557
seg_8a7201,3.681356907
seg_8a8220,6.588940024
seg_8a8375,7.347674847
seg_8ab3a7,2.597855061
seg_8ae847,4.561680675
seg_8aeb99,8.396945357
seg_8b39c4,7.486755967
seg_8b798b,8.467907429
seg_8baeab,4.163254678
seg_8bc20c,1.750890791
seg_8bde47,7.989076853
seg_8be2da,5.608228087
seg_8be76c,0.937071145
seg_8bec6f,5.106042743
seg_8bf229,6.253024817
seg_8c0114,3.559053719
seg_8c1760,8.143610597
seg_8c1cca,3.808589458
seg_8c1e7d,2.141521394
seg_8c341c,8.456794024
seg_8c6d4e,2.45300138
seg_8c6e34,3.41019541
seg_8cd159,3.578867555
seg_8cdf83,4.141783834
seg_8ce632,3.992122054
seg_8cf573,3.839422166
seg_8d030a,4.35612303
seg_8d135f,7.627384186
seg_8d3a9d,5.17434144
seg_8d4435,4.6441921
seg_8d4965,6.007751465
seg_8d5113,4.753185749
seg_8d6578,2.58285296
seg_8d6a7d,3.079015315
seg_8da61a,6.951864123
seg_8db6f0,7.031331182
seg_8dcf3c,8.670936823
seg_8dd2ab,1.759080857
seg_8dd3ba,3.900654018
seg_8dfc7e,2.772963732
seg_8dfd7a,1.793403715
seg_8e5704,8.018633127
seg_8e6a3f,6.66080904
seg_8e7194,4.306735396
seg_8e7fca,3.970439017
seg_8ebdea,8.752012253
seg_8f1127,1.329769462
seg_8f25b0,9.043484211
seg_8f3247,7.995488763
seg_8f3dfe,4.897509694
seg_8f4654,4.969727993
seg_8f4781,2.432261169
seg_8f5589,6.673686743
seg_8f592b,8.778710365
seg_8f6284,3.302095532
seg_8fb0d0,3.894340873
seg_8fb29e,8.45682168
seg_8fb828,8.367588043
seg_8fc754,7.490660429
seg_8fd465,3.529744089
seg_902074,7.589867949
seg_902bc1,7.470430017
seg_903aba,8.853522539
seg_907c52,4.436351299
seg_90a0be,2.197189122
seg_90b174,2.730157971
seg_90bf60,8.672172785
seg_90c258,9.306194782
seg_90e904,1.928424716
seg_90ec68,8.786380529
seg_90ef18,8.972717524
seg_911066,4.028921366
seg_9122aa,2.689218819
seg_913ffc,5.55723989
seg_914a62,3.263936341
seg_91596c,7.768388748
seg_915b3e,3.674508095
seg_91607c,4.106434405
seg_919a6a,1.075060531
seg_919c5c,3.803667486
seg_91bf8c,3.15926832
seg_91cff2,2.112258404
seg_91eaeb,5.316242576
seg_91f512,3.777680218
seg_91f664,4.019566238
seg_91fc29,2.672883987
seg_920132,8.175657749
seg_92092a,4.06444627
seg_922914,5.446421862
seg_922990,4.425959289
seg_92310f,4.713699758
seg_929ded,4.818211675
seg_92a5f1,5.407127619
seg_92af10,8.08602488
seg_92b095,2.019665539
seg_92bd37,4.571457326
seg_92be9f,5.519136071
seg_931244,8.907631397
seg_93211c,7.063996196
seg_932828,8.474193096
seg_934087,4.290147543
seg_939f5c,6.754795551
seg_93d864,4.661656737
seg_93f935,3.187852174
seg_941759,7.503605843
seg_943de0,8.954050541
seg_944c98,2.193577856
seg_945bc8,3.95816493
seg_946d71,8.892977715
seg_946d9a,5.217855394
seg_947700,5.605001807
seg_9485c0,3.548830926
seg_94a133,4.429424167
seg_94aa0a,5.805449128
seg_94c48c,7.618275642
seg_94d150,3.951785326
seg_94d573,7.29683876
seg_94ecad,8.620275021
seg_950048,4.239141643
seg_952faa,2.330177456
seg_95357d,3.383793116
seg_95644e,6.278738976
seg_957ece,0.674741484
seg_95b321,2.648784608
seg_95f45e,7.751538277
seg_961d02,3.037726969
seg_961ddf,2.965545684
seg_9626a4,2.270079374
seg_96642e,3.406421781
seg_966f3d,2.8949911
seg_967ae4,8.321246028
seg_96cd5d,2.771309733
seg_96dab2,8.364204884
seg_96db5e,4.085122168
seg_96fa35,4.601361156
seg_970b35,3.721279442
seg_970e86,8.56753087
seg_974049,3.548534572
seg_9757ac,8.152746558
seg_979a8f,2.174932808
seg_97a161,5.115914106
seg_97ad82,7.890111089
seg_97d9ed,8.333931446
seg_97e4a9,8.647060633
seg_9802c3,4.070003808
seg_9825e0,6.147925019
seg_983778,8.905033588
seg_986976,4.810195208
seg_986b6e,9.040940762
seg_9872f9,4.585186899
seg_988e69,2.743201435
seg_98a819,4.970446229
seg_98be13,5.60825932
seg_98c0b6,3.159943074
seg_98c44d,3.558584809
seg_98c544,3.678731859
seg_98ebaa,8.912251472
seg_98f624,8.514236689
seg_9940e8,8.399241567
seg_996c37,8.716067314
seg_99ccbd,2.796166003
seg_99f677,5.069949865
seg_99f76c,4.441299021
seg_9a1a4f,4.867217481
seg_9a1c76,3.777995765
seg_9a43ef,8.453003168
seg_9a6025,5.518157721
seg_9a74d8,5.023318589
seg_9a7c46,4.991660833
seg_9a7d1d,2.635928035
seg_9a812d,3.639559448
seg_9a81a3,5.909435391
seg_9a8a1f,1.578235149
seg_9a9041,6.002609968
seg_9a92db,4.687792957
seg_9aa6e2,2.440073431
seg_9ab405,1.345802128
seg_9ad261,5.733624101
seg_9ad925,8.565466166
seg_9ae1a1,9.212355614
seg_9b0439,5.71838367
seg_9b44d2,9.126144409
seg_9b7ef8,9.256798029
seg_9b7f93,3.548948228
seg_9bab11,8.836914778
seg_9bd388,5.648056865
seg_9bee43,2.887546539
seg_9c00d7,8.870839357
seg_9c090f,1.886954784
seg_9c2843,2.041030526
seg_9c3d6a,8.301645398
seg_9c3ef8,6.625498414
seg_9c635d,8.459232569
seg_9c6715,2.718659669
seg_9c8162,5.014541984
seg_9c8bc8,4.016644835
seg_9ca72e,3.344428658
seg_9caf50,8.441241741
seg_9cb464,4.492474198
seg_9d1b26,3.92212069
seg_9d1dbe,8.684207916
seg_9d2528,5.190655351
seg_9d3013,7.623462796
seg_9d452d,2.968714535
seg_9d57a1,7.391171336
seg_9d68cf,3.160996497
seg_9d6ff0,3.457647145
seg_9d7490,5.406177759
seg_9d79d4,3.671950638
seg_9dcae1,5.012914717
seg_9ddc99,6.455717444
seg_9dea8d,6.928111076
seg_9df32d,3.933905363
seg_9e25e9,3.559129834
seg_9e3837,3.500559866
seg_9e61da,1.952496737
seg_9e7dff,3.195543885
seg_9e8323,2.588814437
seg_9e8ca4,8.244466305
seg_9e962b,6.212622762
seg_9ee0aa,7.966943026
seg_9f042e,6.326455832
seg_9f12c6,2.899749637
seg_9f22a0,7.043948174
seg_9f4fd4,8.775665522
seg_9f57c4,7.338624716
seg_9f6315,4.162771761
seg_9f7542,8.74314785
seg_9fc7c2,2.90194869
seg_9fd9b8,4.168794394
seg_9fe8b9,6.177648783
seg_a00985,5.24887836
seg_a009e6,5.905220747
seg_a03e6a,3.015649527
seg_a05c22,2.330076456
seg_a06228,6.167258024
seg_a0646a,2.168981224
seg_a0979e,6.962962985
seg_a0a423,2.620334268
seg_a11dd5,2.341559052
seg_a12acb,3.170010567
seg_a133bc,4.033408046
seg_a14212,5.561657071
seg_a16a1b,2.257258594
seg_a173d8,4.303388238
seg_a18246,6.80088079
seg_a1a511,1.23738005
seg_a1acb2,4.391720772
seg_a1b3cc,4.29003495
seg_a1d8da,5.48039794
seg_a1e5b0,8.319800496
seg_a1edc1,3.502358794
seg_a247ac,8.84928751
seg_a25c46,3.402620733
seg_a2986f,7.001232266
seg_a2c108,8.862505198
seg_a2d47d,4.399477899
seg_a2e2c8,2.759922981
seg_a2fd8b,4.350912452
seg_a31d6e,7.348744273
seg_a31fe3,7.809961796
seg_a35c82,7.391586423
seg_a35e7c,8.657005548
seg_a39ebc,3.43381983
seg_a39f3b,7.044823766
seg_a39fa8,8.626480341
seg_a3ab46,4.194333971
seg_a3d4d6,2.284414411
seg_a41c2c,6.831482291
seg_a4208a,3.22634095
seg_a420d4,4.372547388
seg_a436bc,8.614618063
seg_a437cb,2.705574214
seg_a45455,3.667571902
seg_a47cce,7.26209712
seg_a489e1,6.386302352
seg_a49ccc,3.754627645
seg_a4ad7c,8.66096127
seg_a4e745,8.12499404
seg_a50d28,9.135952711
seg_a5271e,3.04008615
seg_a53e4c,4.715793192
seg_a543e5,8.051347256
seg_a55540,8.768407583
seg_a55a17,4.462360799
seg_a56c04,3.984667182
seg_a58a6e,2.45178932
seg_a5934a,8.855440617
seg_a5d37f,3.296232462
seg_a5dea6,8.524420261
seg_a5f4dd,3.975350738
seg_a5fbcc,3.962328672
seg_a61e1c,4.066256225
seg_a63573,4.587790728
seg_a674d2,7.838676214
seg_a68007,3.273151696
seg_a68ffb,6.387463093
seg_a69246,9.076894283
seg_a6959c,8.180496454
seg_a6bf91,5.429219484
seg_a6c5cc,2.635353029
seg_a6cd86,5.531572819
seg_a6e801,2.525437295
seg_a6e99c,1.254814476
seg_a6eed3,3.269073784
seg_a704ee,6.260411382
seg_a7561c,2.458656639
seg_a7b454,4.720255315
seg_a7d0eb,4.292718112
seg_a7e49b,5.672267675
seg_a80123,2.825371563
seg_a802fa,7.691831827
seg_a80f6f,5.576014519
seg_a82229,7.266870856
seg_a84c13,2.846267104
seg_a86231,3.738447845
seg_a8685e,7.908003211
seg_a86a05,7.065154791
seg_a87e79,2.146064371
seg_a88097,8.354618549
seg_a88dde,7.948968291
seg_a8bb2f,4.286449075
seg_a8ddf7,2.876893699
seg_a8e6df,3.395016193
seg_a8e71a,3.570510745
seg_a9089b,1.689094961
seg_a91c03,7.296575546
seg_a93a88,8.144762754
seg_a96b47,3.271273166
seg_a975df,3.564216107
seg_a99161,3.412341148
seg_a99799,2.780764639
seg_a99be9,9.054937124
seg_a9a820,2.262140453
seg_a9b957,4.277209163
seg_a9f80e,7.586255074
seg_aa0180,2.576977998
seg_aa1adf,4.049469471
seg_aa508a,2.070472777
seg_aa78e0,5.936010599
seg_aa7a4b,5.521115184
seg_aa98cc,0.585955366
seg_aa9b8e,6.441624284
seg_aaa2ae,2.291406006
seg_aabc52,8.889201403
seg_aae025,8.512487411
seg_ab001b,3.331704497
seg_ab15ad,6.496130824
seg_ab2a78,2.563456625
seg_ab3f14,7.977695823
seg_ab4bca,2.352044404
seg_ab644e,4.848133445
seg_ab70bd,6.291363239
seg_ab9654,9.05725193
seg_aba501,3.092108965
seg_abaad2,8.17457509
seg_abb03a,5.258732796
seg_abb06a,6.138732314
seg_abc5fd,7.503362894
seg_abda04,8.316710472
seg_abeca6,8.925534725
seg_ac45ae,7.291164756
seg_ac5c61,8.871727705
seg_ac68bb,2.022938341
seg_ac9de5,2.536682725
seg_acd715,9.500570059
seg_acf2f4,7.785060525
seg_ad3a44,2.035059154
seg_ad3cf0,3.299354911
seg_ad591c,6.839833498
seg_ad759c,2.906753033
seg_ad82ca,5.265032649
seg_ad949a,3.666752458
seg_ada42c,3.628013551
seg_ada81a,9.056233644
seg_ade769,6.560839653
seg_adf94a,1.524499118
seg_adf986,5.487499952
seg_ae32a6,4.858542502
seg_ae3388,6.96140635
seg_ae3d92,5.075996578
seg_ae42b3,9.237779379
seg_ae9626,2.549406707
seg_ae9761,9.019274235
seg_aec276,8.9577806
seg_aed434,6.052046061
seg_aee7c0,8.047881126
seg_aee9bf,3.479242146
seg_aeeb31,1.693322599
seg_af1650,2.213712007
seg_af2472,2.251808763
seg_af6204,5.156336427
seg_af703b,9.050063372
seg_af959f,8.137558222
seg_afa4a1,7.840986371
seg_afadfb,5.43748951
seg_afca81,2.708173156
seg_afd665,4.366619468
seg_b00f05,7.696255445
seg_b02e31,8.20492363
seg_b03de5,8.734445572
seg_b08e9d,9.336867332
seg_b0a794,2.538413256
seg_b0bf65,2.983827293
seg_b0cf32,8.893520117
seg_b0d251,5.844749451
seg_b0f9cd,7.054107547
seg_b108c9,4.155992985
seg_b13220,3.220137715
seg_b13fb9,6.086479425
seg_b197e2,3.14381367
seg_b1a35c,7.783124924
seg_b1b95e,3.344382048
seg_b1fea8,3.23433882
seg_b20487,9.342174053
seg_b21273,4.991390944
seg_b23489,2.913466334
seg_b253ee,3.019579828
seg_b25dde,1.686586767
seg_b26368,4.037970126
seg_b284b2,3.061854154
seg_b291c0,3.225056231
seg_b2b29d,8.216880322
seg_b2b331,3.344922453
seg_b2e045,4.160793722
seg_b31961,4.287970901
seg_b32d1d,2.723917305
seg_b35174,0.725972794
seg_b36650,3.35242939
seg_b36c8a,2.853534162
seg_b378bc,1.77717042
seg_b3883e,5.218500257
seg_b3cf21,3.87712723
seg_b3d886,3.631946683
seg_b402ac,5.419064045
seg_b41d3c,4.287676036
seg_b42170,2.790315241
seg_b4402d,8.412356377
seg_b44c2e,7.513189793
seg_b47c19,3.987303972
seg_b4c040,3.354770541
seg_b4cb44,8.667518854
seg_b4f7a8,4.329646289
seg_b50239,2.103402406
seg_b51380,9.038764238
seg_b51b7c,4.309710026
seg_b52710,3.149363637
seg_b52add,9.114047289
seg_b52dac,4.437035143
seg_b54024,2.931525737
seg_b568c6,7.184729695
seg_b57e76,5.434965968
seg_b5804a,3.411899805
seg_b58542,5.129605353
seg_b5a447,5.882686496
seg_b5aee9,4.795597434
seg_b6254c,2.964403093
seg_b63de1,1.91497612
seg_b64c9c,7.835848212
seg_b66b87,2.16972211
seg_b686e5,1.840511352
seg_b687fc,3.437500894
seg_b691c5,2.577128828
seg_b69455,8.563857317
seg_b695b3,4.340679586
seg_b6bdaa,7.07704401
seg_b6c10d,6.641304731
seg_b6cb2b,3.803118169
seg_b72413,7.646348834
seg_b735a5,7.448266149
seg_b77bf5,8.980199337
seg_b782c7,7.739341617
seg_b78883,9.286097288
seg_b7a8a1,4.581003964
seg_b7b098,3.310034126
seg_b7da0a,2.875651479
seg_b7eeb6,6.665991783
seg_b80358,8.412737966
seg_b80366,7.608051419
seg_b80b89,4.529036641
seg_b8141c,3.040296078
seg_b853c1,7.958542347
seg_b853f8,6.080070615
seg_b86ce1,4.210267544
seg_b8725b,1.577500954
seg_b8745c,8.936620474
seg_b87cf5,8.578953505
seg_b88baa,7.114761472
seg_b89218,8.507962227
seg_b89e47,2.537316203
seg_b8b72f,3.744987607
seg_b8bb87,9.038198948
seg_b8fd73,9.208939791
seg_b91011,5.670758367
seg_b917b5,6.405061126
seg_b91ae2,3.337321818
seg_b9361a,3.095983565
seg_b9365c,2.792790264
seg_b947ae,2.945769548
seg_b95010,2.65330565
seg_b95a77,8.962106466
seg_b9619c,5.294372916
seg_b9ad7f,4.785837173
seg_b9bdd7,4.180635214
seg_b9d8a0,7.294726372
seg_b9de03,4.03325206
seg_b9ec4b,3.645136833
seg_ba0485,8.879475594
seg_ba1d68,2.931024253
seg_ba2c48,3.124890566
seg_ba3c47,2.122694939
seg_ba3e74,2.970396847
seg_ba4ea3,8.781968832
seg_ba5e7e,3.756331742
seg_ba83da,5.039580822
seg_ba941e,8.000234127
seg_ba98dc,2.91437462
seg_ba9dbf,2.727534175
seg_baa745,5.769302368
seg_bb171f,7.215660214
seg_bb180c,3.631896853
seg_bb2d77,2.999578238
seg_bb5e15,3.69600898
seg_bb6904,2.221387148
seg_bb6fcb,4.991784215
seg_bb92b1,4.512105465
seg_bbb01e,6.00606966
seg_bbbc30,3.823801875
seg_bbf805,4.759333193
seg_bbfd4e,8.452901006
seg_bc07c8,1.364755064
seg_bc1d67,7.559486151
seg_bc2186,6.909108877
seg_bc437b,8.34013176
seg_bca500,4.98719275
seg_bcc8f1,6.451291561
seg_bce23c,6.872693062
seg_bce305,5.219791412
seg_bcf2d9,4.743004203
seg_bcf6af,6.342689276
seg_bcfad6,4.400431812
seg_bd00c4,4.810842097
seg_bd2b0c,3.808231413
seg_bd31bf,5.444516182
seg_bd40f2,8.296598792
seg_bd4d30,4.369672954
seg_bd5022,2.103512794
seg_bd629b,4.545480371
seg_bd6f5f,8.735109329
seg_bd7109,4.753202796
seg_bdae02,8.761890769
seg_bdf84b,4.816569388
seg_be0cdc,2.389670193
seg_be0dfa,7.565040946
seg_be19e2,7.378985643
seg_be30ce,4.566450298
seg_be4612,8.017776608
seg_be62ef,6.242138028
seg_be65f2,2.621169686
seg_be811d,3.31780687
seg_beb650,7.19752562
seg_beda44,6.125139475
seg_bee792,5.479019165
seg_bf1294,2.357961208
seg_bf1430,5.445663095
seg_bf1a72,4.213265002
seg_bf2d1f,8.860520124
seg_bf4bf2,1.757835835
seg_bf4ec0,6.631024837
seg_bf58ce,6.741549492
seg_bf7224,2.935728669
seg_bfdd14,0.911054909
seg_bfe0b6,9.23352313
seg_bff05e,8.524320602
seg_bff392,2.634923309
seg_c01a57,1.888106793
seg_c01d9a,8.474847794
seg_c01f63,7.628926635
seg_c0260d,6.152576804
seg_c047b7,4.081555903
seg_c05a7d,8.022175431
seg_c07b7c,3.324503303
seg_c08d36,4.234948933
seg_c09a41,3.073154926
seg_c0c0ed,5.513183475
seg_c0d7da,2.893951535
seg_c0e1b9,4.270904601
seg_c0ea9f,5.612831831
seg_c106ca,4.211531699
seg_c10a58,7.946336627
seg_c11828,1.790216416
seg_c11a4f,3.295117617
seg_c12d7d,8.962157249
seg_c146a8,5.204747438
seg_c15d21,7.760284781
seg_c17817,2.792061627
seg_c179f8,5.066126645
seg_c183e4,3.269416213
seg_c186dc,3.132730007
seg_c18d5a,3.749571681
seg_c1fe9a,2.846516818
seg_c20a27,3.751499772
seg_c20c06,2.446962595
seg_c21723,4.018818498
seg_c21d60,5.393610358
seg_c22bd4,8.66846323
seg_c23429,4.335728705
seg_c23641,3.137490809
seg_c243a6,0.709931485
seg_c24946,3.970977902
seg_c25855,8.572159529
seg_c267a5,3.507717788
seg_c26fb4,2.439575255
seg_c27591,3.055685431
seg_c2a0c8,3.733649909
seg_c2b8f7,4.269852936
seg_c3507f,4.239067733
seg_c35940,2.483998924
seg_c365de,1.710151732
seg_c3836b,3.628733456
seg_c3f672,8.485790253
seg_c3f8d7,3.14645803
seg_c41d1d,3.734279811
seg_c42490,3.319533825
seg_c42952,6.087430596
seg_c44bbc,3.006025583
seg_c46ce6,2.775924563
seg_c472cf,7.674193144
seg_c47bdc,6.329132795
seg_c4af54,3.7170811
seg_c5064e,8.250850558
seg_c509ff,3.400740564
seg_c522f8,7.334031701
seg_c5256d,5.966524124
seg_c52ae6,1.945040017
seg_c5325c,9.35837841
seg_c550b1,8.288616538
seg_c565bd,5.045073152
seg_c571ef,4.535576284
seg_c588c1,8.882703066
seg_c58ca5,5.611665606
seg_c5abaa,5.369451523
seg_c5c455,2.711142868
seg_c5c6ea,6.007347941
seg_c5dada,4.222444236
seg_c5dee4,0.964406729
seg_c5f986,3.659822881
seg_c5fc3b,8.457210064
seg_c5fc87,4.578897238
seg_c607eb,1.071988702
seg_c60dca,3.426542163
seg_c60f1d,3.121448338
seg_c627fc,7.794998169
seg_c62a06,3.668925405
seg_c65135,3.001754552
seg_c654e7,6.269144297
seg_c666dd,4.30165863
seg_c671f7,6.321650267
seg_c6b514,2.959946334
seg_c6c29f,2.835055947
seg_c6f0a2,2.865442932
seg_c6f533,2.815362483
seg_c6f9c2,2.307113945
seg_c703be,6.851121783
seg_c70fde,6.432811618
seg_c714d0,8.752552032
seg_c73df6,3.424553633
seg_c747ad,8.698215008
seg_c747b4,3.188783944
seg_c7a3bc,2.786292493
seg_c7a401,3.707020581
seg_c7a579,6.639948726
seg_c7b424,8.56542027
seg_c80857,0.424693674
seg_c81e10,7.342234731
seg_c81fec,4.464893162
seg_c8459f,8.571309328
seg_c87c24,4.494191945
seg_c901c0,3.669683158
seg_c90be5,8.768054485
seg_c9201c,2.277840942
seg_c9481f,6.185801268
seg_c94941,0.768910021
seg_c9831a,1.361581415
seg_c9e533,7.499369383
seg_c9f80a,3.567228615
seg_ca2d1b,5.242079854
seg_ca407b,5.65502584
seg_ca44a8,3.566939116
seg_ca67ee,3.986366332
seg_ca6d70,2.085568964
seg_ca8389,3.739998579
seg_ca88e3,9.000745535
seg_ca9e39,3.834982932
seg_caa919,5.077515125
seg_cacd0a,4.862011433
seg_cacd58,3.996889472
seg_cb0e21,8.85352397
seg_cb806c,3.765058875
seg_cbcce9,5.780996561
seg_cbfb19,6.262117982
seg_cc096e,9.117322683
seg_cc2c46,3.958632529
seg_cc2e9b,4.214768171
seg_cc4199,8.625976086
seg_cc4932,8.888848543
seg_cc4950,2.42456913
seg_cc667b,3.757897854
seg_cc7a19,3.694681227
seg_cc7e39,8.209436178
seg_ccdc28,2.80793336
seg_cd0691,1.820891291
seg_cd2b34,3.967376232
seg_cd2b53,1.375896364
seg_cd352f,9.167653084
seg_cd43b4,7.894852877
seg_cd699e,2.588555336
seg_cd9f9b,7.223793387
seg_cdadb5,8.388788939
seg_cdf88e,1.900262088
seg_ce00bb,4.122483373
seg_ce46ba,2.582338095
seg_ce472b,7.727408171
seg_ce5520,2.197332025
seg_ce5832,3.670883834
seg_ce72e2,3.36947757
seg_ce7537,2.998623967
seg_ce9f59,3.56579417
seg_cea185,4.797627866
seg_ceab44,6.77711606
seg_ceb942,2.1756607
seg_cec2f2,5.434432149
seg_cecd29,6.519564986
seg_ced992,2.156945586
seg_cedf3e,8.103404403
seg_cee7d0,8.663897276
seg_cf0e43,4.43098253
seg_cf1371,2.721605867
seg_cf25d2,3.48988241
seg_cf3825,3.770755678
seg_cf5764,7.223896623
seg_cf646e,6.436348438
seg_cf74e8,1.575848013
seg_cf9a49,4.698695958
seg_cfed24,3.073166966
seg_cff594,2.095220357
seg_d014a3,8.900780916
seg_d0598e,2.009519219
seg_d062a6,8.990269184
seg_d07c62,3.289226532
seg_d07ce8,9.210701942
seg_d098df,7.453288555
seg_d0c280,1.157233417
seg_d0c8e2,3.926259696
seg_d0f262,4.909195185
seg_d0f803,4.330384731
seg_d1045e,8.700939417
seg_d11ca8,8.2377069
seg_d14524,4.117038429
seg_d146a6,3.145411432
seg_d16534,7.266263962
seg_d19980,8.124919295
seg_d1a281,3.472455084
seg_d1a2b9,2.95904389
seg_d1a8b3,2.48815766
seg_d1abaa,8.998416662
seg_d1b91e,7.005229473
seg_d1ca05,8.900119305
seg_d1cb37,9.080027819
seg_d1eee8,8.978828907
seg_d1fbb8,8.530070066
seg_d21066,4.436324954
seg_d21eb6,7.04730773
seg_d24095,8.545497179
seg_d247da,4.633112907
seg_d2551a,8.540237546
seg_d26f7d,9.284578085
seg_d27193,3.325906396
seg_d27812,3.495340049
seg_d29a4b,3.650286913
seg_d2a533,5.139146924
seg_d2ad9a,1.998081148
seg_d2cb02,5.047135353
seg_d2db6b,3.942565739
seg_d2f588,8.973001242
seg_d30a9d,1.741021305
seg_d31583,8.66523242
seg_d320f5,4.212140918
seg_d328bb,2.515115917
seg_d32f71,3.918553948
seg_d32f8a,4.606528103
seg_d35274,3.419599891
seg_d356ab,3.742229044
seg_d35e50,5.919165492
seg_d36055,8.465852857
seg_d36342,7.189752102
seg_d36681,8.156679273
seg_d36737,4.235363662
seg_d37b05,6.60955286
seg_d39131,8.505802155
seg_d398df,5.515745163
seg_d3992e,8.582182646
seg_d3bb14,2.777805686
seg_d3d8fc,3.070969641
seg_d3f6b0,3.336510062
seg_d3f967,3.628892601
seg_d40bb2,8.740890503
seg_d41daa,7.501684785
seg_d42c77,7.042855859
seg_d44589,4.01378876
seg_d47aba,3.219339013
seg_d4c763,5.596346259
seg_d4dec8,7.481258512
seg_d4ea17,6.997560382
seg_d508db,5.93080318
seg_d516e3,7.709048748
seg_d56ae2,7.916931272
seg_d56d32,7.372390389
seg_d59e4e,4.036790311
seg_d5b100,3.353977889
seg_d5d3a1,4.844142199
seg_d5dbc1,3.537593901
seg_d5df41,7.250574112
seg_d5f344,3.276671588
seg_d60d18,4.215625584
seg_d62e9c,2.305281073
seg_d63175,6.297280788
seg_d661ce,3.063517958
seg_d668c0,7.070242047
seg_d68930,8.746484756
seg_d693b0,8.601081848
seg_d6b198,3.636262953
seg_d6b386,8.200777173
seg_d6b546,7.676816106
seg_d6dad6,4.786834598
seg_d6ea73,3.422377884
seg_d702b2,7.37444675
seg_d71352,8.835332155
seg_d740b2,8.750251293
seg_d753f8,2.274011999
seg_d78093,3.909566283
seg_d78e7d,1.421480179
seg_d795ab,6.913839936
seg_d7967e,8.784978271
seg_d7a805,7.21397686
seg_d7ab50,3.434334636
seg_d7f015,4.104837656
seg_d7f53a,3.882361174
seg_d8014d,4.506394804
seg_d83890,4.668363094
seg_d85e2e,5.377277017
seg_d86eb6,2.3872298
seg_d88da7,7.719851017
seg_d89369,2.147465855
seg_d90c5f,2.963801861
seg_d91492,6.781982422
seg_d9190c,3.973073304
seg_d9352b,5.348604918
seg_d962cc,9.143600941
seg_d9750c,4.137925148
seg_d9a2bb,4.558747888
seg_d9b162,6.774710536
seg_d9bb68,5.796465158
seg_d9ce67,2.653826505
seg_d9d0e4,4.238767803
seg_d9dab4,8.647333622
seg_da21ee,9.143591642
seg_da7c3b,7.963578343
seg_da80c4,8.503947973
seg_da8b88,3.746726155
seg_dab0f9,5.641461968
seg_dad4f2,6.671098232
seg_db3446,7.530108452
seg_db3a95,3.506067753
seg_db3fbe,9.104584932
seg_db4185,4.19074738
seg_db606c,5.400337815
seg_db694a,5.716663718
seg_db6d5f,6.294627547
seg_db90c0,4.32421881
seg_dbbb44,5.75163877
seg_dbc615,3.401484966
seg_dbf3f2,2.662382483
seg_dc188b,4.943395793
seg_dc1cf0,8.582191229
seg_dc23c0,8.321382523
seg_dc4698,4.059268296
seg_dc5e63,2.102400988
seg_dc6e94,4.445142865
seg_dc73b8,2.37070471
seg_dc7e0d,2.290681273
seg_dca2c2,8.782865763
seg_dcb51d,3.597923398
seg_dcbe02,2.828532368
seg_dcd9df,2.17187345
seg_dcee28,5.138265967
seg_dceeca,3.972352803
seg_dcf242,6.778010845
seg_dcfb4b,8.353249669
seg_dd0b11,2.311168075
seg_dd4594,4.605221689
seg_dd699c,1.997383177
seg_dd780d,4.236485839
seg_dd8805,6.905077696
seg_ddbadc,8.336228371
seg_ddc800,8.034860253
seg_ddd206,6.267016888
seg_ddddf0,3.844077587
seg_de225c,9.146701097
seg_de3237,8.170636892
seg_de3d5e,3.019279748
seg_de4e1d,4.808233798
seg_de8180,2.52992171
seg_de98fa,3.595228195
seg_de9e32,9.101259232
seg_df0df7,8.191715121
seg_df352f,2.484173596
seg_df45b0,6.714262247
seg_df8385,3.235073984
seg_df8e0a,6.915682554
seg_df99d4,4.076492369
seg_dff078,5.218620539
seg_e00465,8.466187358
seg_e051bc,4.026286066
seg_e05de2,2.682506919
seg_e067ab,6.684847236
seg_e09301,2.038721919
seg_e0c329,3.488232553
seg_e0ce38,7.570678592
seg_e0cfd4,5.151248693
seg_e0f296,7.91229701
seg_e10d3b,8.246608257
seg_e13bd8,4.102260649
seg_e14149,4.769782305
seg_e1468f,8.590424299
seg_e15cb9,6.057691455
seg_e197b8,4.911785007
seg_e1a9e0,8.800423622
seg_e1daa0,5.64862299
seg_e1f045,4.642527223
seg_e1f081,8.144846082
seg_e20d76,4.049428642
seg_e217fc,4.562621117
seg_e2209b,4.080599964
seg_e24496,8.006661654
seg_e24f69,4.696726561
seg_e256bd,2.037457883
seg_e25aca,3.195462406
seg_e266f4,5.849336743
seg_e27c0a,3.782127976
seg_e29670,3.50762406
seg_e2b8b1,9.073211908
seg_e2c82c,3.188264608
seg_e3005e,3.367637157
seg_e30e44,1.588019043
seg_e30ef5,3.408248901
seg_e34052,3.836432576
seg_e37b8e,6.131436348
seg_e3b1f1,6.168804407
seg_e3ca24,7.712801695
seg_e3cf1a,3.983426452
seg_e3d751,0.624406546
seg_e3dafa,9.180254936
seg_e3e762,8.082068205
seg_e40348,6.424093008
seg_e405fe,3.072175324
seg_e40d64,7.970088243
seg_e41fc9,4.396492064
seg_e47d2b,3.629506767
seg_e481c7,5.929538488
seg_e48c23,6.914664388
seg_e49750,4.623844981
seg_e4c15a,4.205098748
seg_e4f203,4.611784101
seg_e4f403,3.707776785
seg_e50f16,8.66198802
seg_e52f8c,4.473096013
seg_e53a52,4.280422866
seg_e54932,7.176721692
seg_e5750a,9.098742485
seg_e59dca,7.548689604
seg_e5b510,3.102778435
seg_e5c033,5.4230932
seg_e5deec,3.31777966
seg_e5e238,2.363359809
seg_e5f9ec,7.780099988
seg_e5fbc1,0.602228396
seg_e60719,8.680667639
seg_e6307f,8.295094132
seg_e64dfa,5.637783647
seg_e65e69,4.622759581
seg_e66697,5.159241199
seg_e6b236,6.609714389
seg_e6bd3f,4.126836836
seg_e6c973,6.300595641
seg_e6e1df,3.316616297
seg_e6e24e,5.78262651
seg_e71dda,5.383393884
seg_e72f10,7.409954429
seg_e742dc,8.827830076
seg_e76e6e,3.774930716
seg_e7ac12,3.834152818
seg_e7ced6,8.078165174
seg_e7d1f8,2.812888592
seg_e7d3e7,7.522423863
seg_e80726,4.318833947
seg_e81b50,3.415694356
seg_e8385f,8.996979237
seg_e85f55,2.317767888
seg_e86e44,3.905364335
seg_e86ed1,9.037838459
seg_e86f77,2.997092485
seg_e877a5,4.908464432
seg_e8a2c4,5.818957448
seg_e8a4f4,4.530215502
seg_e8ac98,2.594726622
seg_e8ad6b,5.283135772
seg_e8b2b3,7.252789974
seg_e8bcde,2.432362258
seg_e8ce6a,3.405924976
seg_e8d02f,4.322551548
seg_e90c0d,4.491769433
seg_e92526,3.50792864
seg_e9272e,3.494855583
seg_e96140,4.065147579
seg_e98217,3.322674453
seg_e9a09f,2.586333185
seg_e9aa44,8.855482101
seg_e9df42,8.170716405
seg_e9e65b,6.327756524
seg_ea0091,3.998054683
seg_ea05c1,8.093219638
seg_ea096b,8.936038017
seg_ea098b,8.408377647
seg_ea4d3a,7.71270442
seg_ea78c0,3.651850045
seg_ea8270,8.57538569
seg_ea9d37,3.625781894
seg_ea9fa4,8.93076992
seg_eaa0ec,6.762920737
seg_eabb2c,8.524514437
seg_eacccf,4.890099704
seg_ead30e,4.231056571
seg_eb0b19,8.365663171
seg_eb1d6e,3.732253492
seg_eb2e11,5.730228782
seg_eb32bc,1.897024363
seg_eb47a9,1.991536573
seg_eb692c,9.166727304
seg_eb7595,4.344909966
seg_eb7f91,4.730970263
seg_eba22d,8.674210072
seg_ebb79f,4.778521478
seg_ebd77b,9.144607782
seg_ebe36c,4.647841334
seg_ebec3e,3.137242258
seg_ec0e7b,7.138730645
seg_ec4645,5.151600003
seg_ec73d5,2.823246181
seg_ec973c,9.174018621
seg_eca2eb,5.163844705
seg_ecaef0,6.901463151
seg_eccb17,1.418577135
seg_ecdca4,3.771965444
seg_ecf28d,5.021716356
seg_ecf81b,8.236903191
seg_ed07b0,3.602533877
seg_ed3e4c,6.823999286
seg_ed52ac,8.614747524
seg_ed7741,8.748465061
seg_ed7dee,4.759887755
seg_ed7f69,3.166810453
seg_edda79,7.052201152
seg_edecaa,5.035504818
seg_ee1cfc,3.588201344
seg_ee2781,8.437549353
seg_ee4479,3.268400967
seg_ee4ae5,2.390984297
seg_ee7224,2.480869651
seg_ee87e2,3.201172769
seg_ee8f87,4.143875718
seg_eea20e,8.52098155
seg_eebbc2,5.134087205
seg_eee89d,2.768147767
seg_eefd4a,3.16161418
seg_ef24bd,3.759967923
seg_ef27c8,2.681596667
seg_ef47c4,8.434438467
seg_ef644a,6.606784582
seg_ef660a,7.955023646
seg_ef74dc,5.98758018
seg_ef779d,4.336417794
seg_ef9105,8.848889351
seg_efb639,7.784596801
seg_efbf3e,5.182616949
seg_efc5fb,8.465430975
seg_efd9ec,8.7886343
seg_f003ca,7.100500941
seg_f01368,4.551603675
seg_f0181d,4.33465004
seg_f02d32,5.674658775
seg_f056d8,3.955864906
seg_f0574b,4.099872112
seg_f073e2,4.912030458
seg_f0ce4a,3.923737943
seg_f0cedb,8.544011831
seg_f0d278,2.14991349
seg_f0db55,1.928723812
seg_f11620,4.294023812
seg_f11f77,5.15377593
seg_f165f6,2.164983958
seg_f19f8e,7.649512887
seg_f1a771,2.743954778
seg_f1b916,2.948585808
seg_f1f5b9,3.352693856
seg_f21a22,3.421488404
seg_f21bf4,5.175391555
seg_f22163,8.802202225
seg_f229bf,5.165513635
seg_f24292,4.618211031
seg_f2750c,5.279563785
seg_f2a20d,3.170123518
seg_f2ae5e,5.18966949
seg_f2b0c5,2.007641494
seg_f2cb5e,2.734979302
seg_f2f5a3,1.897814929
seg_f3063a,5.883196592
seg_f30b2f,5.826288581
seg_f30f0c,7.195916414
seg_f322b1,4.821699619
seg_f342a3,3.449359298
seg_f34877,6.495189548
seg_f383fb,4.916434944
seg_f3c578,3.948216915
seg_f43730,6.470058441
seg_f43ab6,1.23587811
seg_f455bc,8.985770226
seg_f46cc1,2.590205789
seg_f48363,3.179711699
seg_f48db9,4.592339218
seg_f4ad4b,3.589640141
seg_f4d644,2.832232714
seg_f52cdc,8.811184168
seg_f5406b,3.988370001
seg_f579ba,3.468663216
seg_f57ca1,9.405612707
seg_f59974,8.521160364
seg_f5a4ee,9.193764687
seg_f5a6ab,7.405109406
seg_f5d2dd,8.373170853
seg_f5e682,2.309114575
seg_f60872,5.483638763
seg_f618a8,8.189982891
seg_f61b0e,5.48025912
seg_f639cd,8.741648793
seg_f639ec,4.845944881
seg_f650cc,3.327134907
seg_f6659e,3.564921558
seg_f66db1,7.292579412
seg_f679c6,8.362564087
seg_f67ce2,2.187510997
seg_f6828d,1.874114633
seg_f69c38,3.758981824
seg_f6a217,3.242752075
seg_f6abc5,8.654051065
seg_f6b70c,7.592555165
seg_f6bae8,4.275125563
seg_f6c0cb,3.173607886
seg_f6c928,7.527613282
seg_f6cfd4,7.780193686
seg_f6d51b,2.18040362
seg_f6e1ca,3.762740016
seg_f6e89f,7.468332767
seg_f6f523,2.912728608
seg_f6f683,5.546839356
seg_f7050a,4.376203418
seg_f70b66,5.23584938
seg_f71db8,6.372410059
seg_f7290f,4.228690147
seg_f734c8,8.519832492
seg_f741af,2.871175051
seg_f77ee5,8.930113792
seg_f7d792,1.83058843
seg_f7de40,7.804881215
seg_f80e44,5.219931126
seg_f83d28,3.997351229
seg_f865be,1.987907469
seg_f86c41,3.930624664
seg_f88d4a,3.485149622
seg_f8db0a,3.201217085
seg_f8dd7e,4.664383054
seg_f931de,3.620216131
seg_f93ce5,2.843128681
seg_f95fd3,7.789450645
seg_f96d0e,3.939776897
seg_f96d5a,7.411682725
seg_f97274,2.807269812
seg_f99b64,6.435284019
seg_f9e4f2,8.785140753
seg_f9eea3,4.70326066
seg_fa0ac7,6.281864047
seg_fa34c7,7.827557206
seg_fa488e,2.854350805
seg_fa4df0,3.334266365
seg_fa6383,6.706023455
seg_fa796b,4.144437134
seg_fa9f00,4.742096543
seg_fad815,2.956172347
seg_fb00b3,8.852736712
seg_fb11ba,6.080542564
seg_fb1f5c,8.699898243
seg_fb4c26,3.998600304
seg_fb74f0,6.794307351
seg_fb76ca,6.23540771
seg_fb8af5,2.71738857
seg_fb9491,3.894035757
seg_fb9b2e,8.217540145
seg_fbce13,3.158205211
seg_fbd66b,4.338186562
seg_fbddb9,8.230118036
seg_fbe3c2,5.403066993
seg_fbf17a,7.910272717
seg_fbff25,2.972695053
seg_fc407c,4.953276098
seg_fc57d4,1.388886273
seg_fc8fd6,1.978861541
seg_fcb7d0,9.081627846
seg_fcca66,3.44585979
seg_fcd32e,5.174392939
seg_fd19b8,8.878546476
seg_fd374e,4.508547723
seg_fd6340,4.23050338
seg_fd8add,5.781836629
seg_fd9ac1,4.601488173
seg_fdba93,3.959140241
seg_fdc1d4,4.235713959
seg_fdd50e,2.768441767
seg_fde767,5.029488564
seg_fde86d,7.275422931
seg_fdff11,2.11635071
seg_fe2aac,3.83993119
seg_fe5945,2.259395987
seg_fe70c0,6.76622057
seg_fe73b1,8.182269454
seg_fe86f5,4.177113712
seg_fea3e2,8.528067112
seg_feb312,6.944994211
seg_fedbd1,7.873064041
seg_ff0f1b,3.484923363
seg_ff1a62,8.775224447
seg_ff2f2d,5.337447762
seg_ff4236,4.170054376
seg_ff7478,6.042849898
seg_ff79d9,2.962165803
seg_ffbd6a,1.621195376
seg_ffe7cc,8.914476871